image_path,label_name
data/my_data_25/IMG_7339.jpg,other
data/my_data_25/IMG_7340.jpg,other
data/my_data_25/IMG_7341.jpg,yield
data/my_data_25/IMG_7342.jpg,other
data/my_data_25/IMG_7343.jpg,other
data/my_data_25/IMG_7344.jpg,other
data/my_data_25/IMG_7366.jpg,other
data/my_data_25/IMG_7367.jpg,other
data/my_data_25/IMG_7367_2.jpg,other
data/my_data_25/IMG_7367_3.jpg,other
data/my_data_25/IMG_7368.jpg,other
data/my_data_25/IMG_7369.jpg,other
data/my_data_25/IMG_7370.jpg,other
data/my_data_25/IMG_7371.jpg,other
data/my_data_25/IMG_7372.jpg,other
data/my_data_25/IMG_7373.jpg,other
data/my_data_25/IMG_7417.jpg,stop
data/my_data_25/IMG_7418.jpg,stop
data/my_data_25/IMG_7419.jpg,yield
data/my_data_25/IMG_7420.jpg,yield
data/my_data_25/IMG_7420_2.jpg,yield
data/my_data_25/IMG_7421.jpg,yield
data/my_data_25/IMG_7421_2.jpg,yield
data/my_data_25/IMG_7422.jpg,yield
data/my_data_25/IMG_7423.jpg,other
data/my_data_25/IMG_7424.jpg,stop
data/my_data_25/IMG_7425.jpg,stop
data/my_data_25/IMG_7426.jpg,stop
data/my_data_25/IMG_7427.jpg,stop
data/my_data_25/IMG_7428.jpg,stop
data/my_data_25/IMG_7429.jpg,stop
data/my_data_25/IMG_7430.jpg,stop
data/my_data_25/IMG_7431.jpg,stop
data/my_data_25/IMG_7432.jpg,stop
data/my_data_25/IMG_7433.jpg,stop
data/my_data_25/IMG_7434.jpg,stop
data/my_data_25/IMG_7437.jpg,yield
data/my_data_25/IMG_7438.jpg,yield
data/my_data_25/IMG_7440.jpg,yield
data/my_data_25/IMG_7440_2.jpg,yield
data/my_data_25/IMG_7440_3.jpg,yield
